,SepalLength,SepalWidth,PetalLength,PetalWidth
SepalLength,1.0,0.6800192944972804,-0.17049858486762023,
SepalWidth,0.6800192944972804,1.0,-0.1365895911770386,
PetalLength,-0.17049858486762023,-0.1365895911770386,1.0,
PetalWidth,,,,
